[{"dr_method": "LLE",
  "n_components": 177,
  "n_neighbors": 174,
  "quality": 0.915},
 {"dr_method": "LLE", "n_components": 37, "n_neighbors": 2, "quality": 0.7074},
 {"dr_method": "LLE",
  "n_components": 193,
  "n_neighbors": 136,
  "quality": 0.9179999999999999},
 {"dr_method": "LLE",
  "n_components": 77,
  "n_neighbors": 50,
  "quality": 0.9259999999999999},
 {"dr_method": "LLE",
  "n_components": 121,
  "n_neighbors": 34,
  "quality": 0.9288000000000001},
 {"dr_method": "LLE",
  "n_components": 105,
  "n_neighbors": 66,
  "quality": 0.9266},
 {"dr_method": "LLE", "n_components": 9, "n_neighbors": 24, "quality": 0.881},
 {"dr_method": "LLE",
  "n_components": 138,
  "n_neighbors": 10,
  "quality": 0.9344000000000001},
 {"dr_method": "LLE",
  "n_components": 61,
  "n_neighbors": 15,
  "quality": 0.9339999999999999},
 {"dr_method": "LLE",
  "n_components": 181,
  "n_neighbors": 116,
  "quality": 0.9206000000000001},
 {"dr_method": "Isomap",
  "n_components": 87,
  "n_neighbors": 10,
  "quality": 0.8760000000000001},
 {"dr_method": "Isomap",
  "n_components": 74,
  "n_neighbors": 22,
  "quality": 0.8664},
 {"dr_method": "Isomap",
  "n_components": 180,
  "n_neighbors": 50,
  "quality": 0.8610000000000001},
 {"dr_method": "Isomap",
  "n_components": 49,
  "n_neighbors": 34,
  "quality": 0.8501999999999998},
 {"dr_method": "Isomap",
  "n_components": 153,
  "n_neighbors": 42,
  "quality": 0.8625999999999999},
 {"dr_method": "Isomap",
  "n_components": 142,
  "n_neighbors": 26,
  "quality": 0.8652},
 {"dr_method": "Isomap",
  "n_components": 24,
  "n_neighbors": 48,
  "quality": 0.8428000000000001},
 {"dr_method": "Isomap",
  "n_components": 71,
  "n_neighbors": 43,
  "quality": 0.8628},
 {"dr_method": "Isomap",
  "n_components": 5,
  "n_neighbors": 14,
  "quality": 0.6832},
 {"dr_method": "Isomap",
  "n_components": 96,
  "n_neighbors": 29,
  "quality": 0.8642},
 {"dr_method": "UMAP",
  "n_components": 78,
  "n_neighbors": 39,
  "quality": 0.9112000000000002},
 {"dr_method": "UMAP", "n_components": 52, "n_neighbors": 47, "quality": 0.908},
 {"dr_method": "UMAP",
  "n_components": 68,
  "n_neighbors": 44,
  "quality": 0.9066000000000001},
 {"dr_method": "UMAP",
  "n_components": 57,
  "n_neighbors": 32,
  "quality": 0.9084},
 {"dr_method": "UMAP",
  "n_components": 50,
  "n_neighbors": 28,
  "quality": 0.9057999999999999},
 {"dr_method": "UMAP", "n_components": 82, "n_neighbors": 26, "quality": 0.916},
 {"dr_method": "UMAP",
  "n_components": 12,
  "n_neighbors": 45,
  "quality": 0.8614},
 {"dr_method": "UMAP",
  "n_components": 16,
  "n_neighbors": 48,
  "quality": 0.8752000000000001},
 {"dr_method": "UMAP",
  "n_components": 41,
  "n_neighbors": 9,
  "quality": 0.9076000000000001},
 {"dr_method": "UMAP",
  "n_components": 33,
  "n_neighbors": 33,
  "quality": 0.8870000000000001},
 {"dr_method": "t-SNE",
  "n_neighbors": 47,
  "perplexity": 7,
  "quality": 0.5067999999999999},
 {"dr_method": "t-SNE",
  "n_neighbors": 102,
  "perplexity": 33,
  "quality": 0.5267999999999999},
 {"dr_method": "t-SNE", "n_neighbors": 141, "perplexity": 46, "quality": 0.512},
 {"dr_method": "t-SNE",
  "n_neighbors": 50,
  "perplexity": 15,
  "quality": 0.5166000000000001},
 {"dr_method": "t-SNE", "n_neighbors": 60, "perplexity": 19, "quality": 0.5244},
 {"dr_method": "t-SNE", "n_neighbors": 57, "perplexity": 18, "quality": 0.522},
 {"dr_method": "t-SNE",
  "n_neighbors": 147,
  "perplexity": 48,
  "quality": 0.5092},
 {"dr_method": "t-SNE",
  "n_neighbors": 102,
  "perplexity": 33,
  "quality": 0.5426},
 {"dr_method": "t-SNE", "n_neighbors": 72, "perplexity": 23, "quality": 0.5206},
 {"dr_method": "t-SNE",
  "n_neighbors": 78,
  "perplexity": 25,
  "quality": 0.5146000000000001},
 {"dr_method": "PCA", "n_components": 78, "quality": 0.6054},
 {"dr_method": "PCA", "n_components": 73, "quality": 0.6064},
 {"dr_method": "PCA", "n_components": 15, "quality": 0.5837999999999999},
 {"dr_method": "PCA", "n_components": 54, "quality": 0.6052000000000001},
 {"dr_method": "PCA", "n_components": 105, "quality": 0.6049999999999999},
 {"dr_method": "PCA", "n_components": 19, "quality": 0.5934},
 {"dr_method": "PCA", "n_components": 13, "quality": 0.5847999999999999},
 {"dr_method": "PCA", "n_components": 10, "quality": 0.5847999999999999},
 {"dr_method": "PCA", "n_components": 63, "quality": 0.6077999999999999},
 {"dr_method": "PCA", "n_components": 38, "quality": 0.6038}]